{
  "bounding_boxes": [
    [
      408.9794616699219,
      887.1201171875,
      539.5460205078125,
      980.9320068359375
    ],
    [
      478.01129150390625,
      1081.93017578125,
      555.9137573242188,
      1158.5592041015625
    ],
    [
      521.334228515625,
      714.8351440429688,
      740.0457153320312,
      775.1249389648438
    ],
    [
      671.1133422851562,
      910.1963500976562,
      735.2960815429688,
      971.410888671875
    ]
  ],
  "pred_classes": [
    8,
    0,
    4,
    9
  ],
  "scores": [
    0.9984132051467896,
    0.9866729974746704,
    0.9382163286209106,
    0.6550689339637756
  ],
  "pred_masks": [
    "/home/avena/blenderproc/detectron2/inference_output/mask_0.png",
    "/home/avena/blenderproc/detectron2/inference_output/mask_1.png",
    "/home/avena/blenderproc/detectron2/inference_output/mask_2.png",
    "/home/avena/blenderproc/detectron2/inference_output/mask_3.png"
  ]
}