{
  "bounding_boxes": [
    [
      749.43994140625,
      313.258544921875,
      828.89501953125,
      396.37060546875
    ],
    [
      468.68023681640625,
      158.9385528564453,
      508.3934631347656,
      259.0077209472656
    ],
    [
      778.6549682617188,
      498.8227233886719,
      817.9038696289062,
      550.0142822265625
    ],
    [
      0.9918953776359558,
      397.5754699707031,
      121.73721313476562,
      424.3237609863281
    ],
    [
      480.0068359375,
      168.2888641357422,
      642.7686157226562,
      304.38409423828125
    ],
    [
      779.7808227539062,
      499.303466796875,
      1056.1414794921875,
      741.4606323242188
    ],
    [
      387.5608825683594,
      603.5177001953125,
      457.16168212890625,
      753.7227783203125
    ],
    [
      1289.879638671875,
      7.666515827178955,
      1362.2047119140625,
      234.8189697265625
    ]
  ],
  "pred_classes": [
    1,
    4,
    19,
    0,
    23,
    10,
    15,
    15
  ],
  "scores": [
    0.9997193217277527,
    0.9944909811019897,
    0.9850821495056152,
    0.96418297290802,
    0.9569756984710693,
    0.9563501477241516,
    0.8841280937194824,
    0.8712142109870911
  ],
  "pred_masks": [
    "/home/avena/PycharmProjects/pythonProject/detectron/inference_output/mask_0.png",
    "/home/avena/PycharmProjects/pythonProject/detectron/inference_output/mask_1.png",
    "/home/avena/PycharmProjects/pythonProject/detectron/inference_output/mask_2.png",
    "/home/avena/PycharmProjects/pythonProject/detectron/inference_output/mask_3.png",
    "/home/avena/PycharmProjects/pythonProject/detectron/inference_output/mask_4.png",
    "/home/avena/PycharmProjects/pythonProject/detectron/inference_output/mask_5.png",
    "/home/avena/PycharmProjects/pythonProject/detectron/inference_output/mask_6.png",
    "/home/avena/PycharmProjects/pythonProject/detectron/inference_output/mask_7.png"
  ]
}