{
  "bounding_boxes": [
    [
      337.9428405761719,
      78.90766143798828,
      518.571044921875,
      147.10122680664062
    ],
    [
      51.91712951660156,
      86.49348449707031,
      180.1390838623047,
      224.38455200195312
    ],
    [
      695.5086059570312,
      201.54066467285156,
      793.8231201171875,
      289.83251953125
    ],
    [
      415.2708740234375,
      151.9427032470703,
      494.4428405761719,
      251.0984344482422
    ],
    [
      238.36131286621094,
      566.2716674804688,
      339.9830322265625,
      635.43212890625
    ],
    [
      144.49818420410156,
      155.11204528808594,
      273.562255859375,
      283.3899841308594
    ],
    [
      222.59791564941406,
      303.442138671875,
      266.3643493652344,
      444.1517639160156
    ],
    [
      616.6661376953125,
      178.67677307128906,
      715.2755126953125,
      266.2789306640625
    ],
    [
      352.74591064453125,
      384.6551208496094,
      426.5679931640625,
      458.1122131347656
    ],
    [
      152.00674438476562,
      91.49559020996094,
      294.4030456542969,
      205.9917449951172
    ],
    [
      283.14361572265625,
      465.6087341308594,
      481.6759338378906,
      532.4866943359375
    ],
    [
      600.6640014648438,
      178.347412109375,
      775.1966552734375,
      269.326171875
    ],
    [
      700.3494873046875,
      219.84237670898438,
      779.0994873046875,
      284.517333984375
    ],
    [
      65.6217269897461,
      84.50234985351562,
      306.3277893066406,
      273.8535461425781
    ],
    [
      352.8647766113281,
      389.0555725097656,
      424.1893005371094,
      455.38360595703125
    ],
    [
      226.14891052246094,
      569.4974365234375,
      330.7738037109375,
      605.1071166992188
    ],
    [
      864.2855224609375,
      77.27339172363281,
      952.5933837890625,
      169.7941131591797
    ],
    [
      333.6285400390625,
      59.743106842041016,
      483.5972595214844,
      130.323486328125
    ],
    [
      64.11151885986328,
      93.4537582397461,
      303.1226501464844,
      294.8236083984375
    ]
  ],
  "pred_classes": [
    1,
    4,
    8,
    8,
    27,
    4,
    2,
    3,
    9,
    4,
    1,
    26,
    9,
    4,
    0,
    27,
    8,
    1,
    11
  ],
  "scores": [
    0.8007733821868896,
    0.7657930254936218,
    0.5306714177131653,
    0.5010268092155457,
    0.4863274097442627,
    0.46540987491607666,
    0.4370584487915039,
    0.37264060974121094,
    0.3081272840499878,
    0.30530810356140137,
    0.29989945888519287,
    0.2867160737514496,
    0.28293031454086304,
    0.2603403925895691,
    0.24849314987659454,
    0.24386358261108398,
    0.23932838439941406,
    0.22537460923194885,
    0.2052690088748932
  ],
  "pred_masks": [
    "/home/avena/software/items3/detectron2/inference_output/mask_0.png",
    "/home/avena/software/items3/detectron2/inference_output/mask_1.png",
    "/home/avena/software/items3/detectron2/inference_output/mask_2.png",
    "/home/avena/software/items3/detectron2/inference_output/mask_3.png",
    "/home/avena/software/items3/detectron2/inference_output/mask_4.png",
    "/home/avena/software/items3/detectron2/inference_output/mask_5.png",
    "/home/avena/software/items3/detectron2/inference_output/mask_6.png",
    "/home/avena/software/items3/detectron2/inference_output/mask_7.png",
    "/home/avena/software/items3/detectron2/inference_output/mask_8.png",
    "/home/avena/software/items3/detectron2/inference_output/mask_9.png",
    "/home/avena/software/items3/detectron2/inference_output/mask_10.png",
    "/home/avena/software/items3/detectron2/inference_output/mask_11.png",
    "/home/avena/software/items3/detectron2/inference_output/mask_12.png",
    "/home/avena/software/items3/detectron2/inference_output/mask_13.png",
    "/home/avena/software/items3/detectron2/inference_output/mask_14.png",
    "/home/avena/software/items3/detectron2/inference_output/mask_15.png",
    "/home/avena/software/items3/detectron2/inference_output/mask_16.png",
    "/home/avena/software/items3/detectron2/inference_output/mask_17.png",
    "/home/avena/software/items3/detectron2/inference_output/mask_18.png"
  ]
}