{
  "bounding_boxes": [
    [
      597.0884399414062,
      405.164794921875,
      691.2719116210938,
      496.6929931640625
    ],
    [
      199.5004119873047,
      116.88277435302734,
      299.9414978027344,
      212.3589324951172
    ],
    [
      178.69287109375,
      524.28759765625,
      333.3712463378906,
      609.2119140625
    ],
    [
      771.4384765625,
      72.8140640258789,
      848.75390625,
      216.39239501953125
    ]
  ],
  "pred_classes": [
    8,
    27,
    1,
    12
  ],
  "scores": [
    0.620518684387207,
    0.5952275395393372,
    0.5791381597518921,
    0.5224090218544006
  ],
  "pred_masks": [
    "/home/avena/blenderproc/detectron2/inference_output/mask_0.png",
    "/home/avena/blenderproc/detectron2/inference_output/mask_1.png",
    "/home/avena/blenderproc/detectron2/inference_output/mask_2.png",
    "/home/avena/blenderproc/detectron2/inference_output/mask_3.png"
  ]
}